"Word","Length","Freq_HAL","Log_Freq_HAL"
"abed","4","143","4.963"
"Abel","4","1,009","6.917"
"abet","4","81","4.394"
"able","4","176,528","12.081"
"ably","4","256","5.545"
"abut","4","259","5.557"
"aces","4","1,837","7.516"
"ache","4","846","6.741"
"acid","4","13,610","9.519"
"acme","4","911","6.815"
"acne","4","536","6.284"
"acre","4","1,554","7.349"
"acts","4","19,423","9.874"
"Adam","4","19,626","9.885"
"adds","4","11,870","9.382"
"afar","4","446","6.100"
"afro","4","293","5.680"
"agar","4","804","6.690"
"aged","4","3,437","8.142"
"ages","4","17,369","9.762"
"ahem","4","1,977","7.589"
"ahoy","4","192","5.257"
"aide","4","1,575","7.362"
"aids","4","22,058","10.001"
"aims","4","2,831","7.948"
"airs","4","1,597","7.376"
"airy","4","362","5.892"
"ajar","4","149","5.004"
"akin","4","2,436","7.798"
"Alan","4","33,178","10.410"
"alas","4","4,353","8.379"
"Alex","4","18,548","9.828"
"alga","4","66","4.190"
"ally","4","2,857","7.958"
"alms","4","134","4.898"
"aloe","4","304","5.717"
"Alps","4","805","6.691"
"Al's","4","941","6.847"
"also","4","782,967","13.571"
"alto","4","5,834","8.671"
"alum","4","506","6.227"
"Amen","4","2,688","7.897"
"amid","4","963","6.870"
"ammo","4","5,933","8.688"
"amok","4","547","6.304"
"anal","4","4,820","8.481"
"Andy","4","20,181","9.912"
"anew","4","657","6.488"
"Anna","4","4,330","8.373"
"Anne","4","10,129","9.223"
"anon","4","18,879","9.846"
"ante","4","2,748","7.919"
"ants","4","4,321","8.371"
"anus","4","2,067","7.634"
"apex","4","1,099","7.002"
"apse","4","13","2.565"
"Arab","4","7,193","8.881"
"arch","4","3,721","8.222"
"arcs","4","734","6.599"
"area","4","160,430","11.986"
"Ares","4","502","6.219"
"aria","4","1,039","6.946"
"arid","4","332","5.805"
"arms","4","32,708","10.395"
"army","4","34,024","10.435"
"arts","4","22,653","10.028"
"arty","4","453","6.116"
"ashy","4","17","2.833"
"Asia","4","13,885","9.539"
"asks","4","16,409","9.706"
"atom","4","3,410","8.134"
"atop","4","1,135","7.034"
"aunt","4","2,845","7.953"
"aura","4","4,923","8.502"
"auto","4","15,581","9.654"
"avid","4","2,419","7.791"
"avow","4","15","2.708"
"away","4","150,815","11.924"
"awed","4","264","5.576"
"awry","4","431","6.066"
"axes","4","1,689","7.432"
"axis","4","4,865","8.490"
"axle","4","1,741","7.462"
"ayes","4","81","4.394"
"babe","4","3,163","8.059"
"baby","4","35,810","10.486"
"Bach","4","3,284","8.097"
"back","4","393,090","12.882"
"bade","4","135","4.905"
"bags","4","5,805","8.666"
"bail","4","2,583","7.857"
"bait","4","4,289","8.364"
"bake","4","2,528","7.835"
"bald","4","2,764","7.924"
"bale","4","557","6.323"
"Bali","4","592","6.384"
"balk","4","286","5.656"
"ball","4","38,502","10.558"
"balm","4","1,511","7.321"
"band","4","49,179","10.803"
"bane","4","957","6.864"
"bang","4","6,789","8.823"
"bank","4","39,506","10.584"
"bans","4","1,179","7.072"
"barb","4","1,355","7.212"
"bard","4","1,202","7.092"
"bare","4","8,494","9.047"
"bark","4","2,441","7.800"
"barn","4","2,575","7.854"
"bars","4","9,206","9.128"
"base","4","59,143","10.988"
"bash","4","4,672","8.449"
"bask","4","256","5.545"
"bass","4","17,075","9.745"
"bast","4","427","6.057"
"bate","4","182","5.204"
"bath","4","5,621","8.634"
"bats","4","3,884","8.265"
"bawl","4","66","4.190"
"bays","4","1,167","7.062"
"bead","4","1,824","7.509"
"beak","4","582","6.366"
"beam","4","7,878","8.972"
"bean","4","3,575","8.182"
"bear","4","23,529","10.066"
"beat","4","33,104","10.407"
"beau","4","1,014","6.922"
"beck","4","2,083","7.642"
"beds","4","2,424","7.793"
"beef","4","5,285","8.573"
"been","4","735,347","13.508"
"beep","4","2,303","7.742"
"beer","4","24,708","10.115"
"bees","4","5,073","8.532"
"beet","4","420","6.040"
"begs","4","1,175","7.069"
"bell","4","24,815","10.119"
"belt","4","10,820","9.289"
"bend","4","6,891","8.838"
"bent","4","8,475","9.045"
"berg","4","1,871","7.534"
"Bern","4","765","6.640"
"Bert","4","2,389","7.779"
"best","4","269,708","12.505"
"beta","4","50,393","10.828"
"Beth","4","5,137","8.544"
"bets","4","3,245","8.085"
"bias","4","9,171","9.124"
"bide","4","244","5.497"
"bids","4","53,928","10.895"
"bike","4","22,527","10.022"
"bile","4","1,616","7.388"
"bilk","4","108","4.682"
"bill","4","116,919","11.669"
"bind","4","6,800","8.825"
"bing","4","657","6.488"
"bins","4","716","6.574"
"bird","4","19,070","9.856"
"bite","4","8,162","9.007"
"bits","4","23,833","10.079"
"blab","4","109","4.691"
"blah","4","12,804","9.458"
"bled","4","530","6.273"
"blew","4","5,337","8.582"
"blip","4","323","5.778"
"blob","4","1,170","7.065"
"blot","4","529","6.271"
"blow","4","16,920","9.736"
"blue","4","89,005","11.396"
"blur","4","1,628","7.395"
"boar","4","414","6.026"
"boat","4","15,857","9.671"
"bock","4","941","6.847"
"bode","4","601","6.399"
"body","4","116,235","11.663"
"bogy","4","9","2.197"
"boil","4","3,837","8.252"
"bold","4","5,486","8.610"
"boll","4","139","4.934"
"bolo","4","1,702","7.440"
"bolt","4","7,295","8.895"
"bomb","4","15,377","9.641"
"bond","4","12,955","9.469"
"bone","4","16,063","9.684"
"bong","4","1,335","7.197"
"bony","4","247","5.509"
"boob","4","496","6.207"
"book","4","190,905","12.160"
"boom","4","4,284","8.363"
"boon","4","2,284","7.734"
"boor","4","162","5.088"
"boos","4","187","5.231"
"boot","4","43,868","10.689"
"bore","4","3,598","8.188"
"born","4","35,181","10.468"
"boss","4","10,002","9.211"
"both","4","296,623","12.600"
"bout","4","5,608","8.632"
"bowl","4","10,720","9.280"
"bows","4","1,206","7.095"
"boxy","4","122","4.804"
"boys","4","23,926","10.083"
"Brad","4","12,450","9.429"
"brae","4","124","4.820"
"brag","4","1,165","7.060"
"bran","4","594","6.387"
"brat","4","1,080","6.985"
"bray","4","761","6.635"
"bred","4","3,086","8.035"
"brew","4","2,988","8.002"
"Brie","4","133","4.890"
"brig","4","744","6.612"
"brim","4","395","5.979"
"brow","4","804","6.690"
"buck","4","6,798","8.824"
"buds","4","1,257","7.136"
"buff","4","1,700","7.438"
"bugs","4","18,337","9.817"
"bulb","4","3,246","8.085"
"bulk","4","7,028","8.858"
"bull","4","8,305","9.025"
"bump","4","2,682","7.894"
"bums","4","771","6.648"
"bunk","4","1,071","6.976"
"buns","4","1,014","6.922"
"bunt","4","186","5.226"
"buoy","4","164","5.100"
"burg","4","344","5.841"
"burn","4","12,496","9.433"
"burp","4","466","6.144"
"burr","4","942","6.848"
"Burt","4","1,634","7.399"
"bury","4","2,411","7.788"
"bush","4","10,889","9.296"
"bust","4","3,078","8.032"
"busy","4","19,614","9.884"
"butt","4","10,344","9.244"
"buys","4","4,089","8.316"
"buzz","4","3,746","8.228"
"cabs","4","577","6.358"
"cafe","4","4,444","8.399"
"cage","4","8,498","9.048"
"Cain","4","2,114","7.656"
"cake","4","6,250","8.740"
"calf","4","1,478","7.298"
"call","4","241,962","12.397"
"calm","4","6,300","8.748"
"came","4","115,002","11.653"
"camp","4","15,938","9.676"
"cams","4","475","6.163"
"cane","4","5,405","8.595"
"cans","4","2,756","7.922"
"cape","4","5,458","8.605"
"caps","4","6,565","8.790"
"card","4","222,822","12.314"
"care","4","104,469","11.557"
"Carl","4","15,571","9.653"
"carp","4","652","6.480"
"cars","4","31,247","10.350"
"cart","4","5,925","8.687"
"case","4","199,506","12.204"
"cash","4","39,508","10.584"
"cask","4","248","5.513"
"cast","4","24,385","10.102"
"cats","4","17,763","9.785"
"cave","4","7,507","8.924"
"cede","4","233","5.451"
"cell","4","16,077","9.685"
"Celt","4","153","5.030"
"cent","4","6,305","8.749"
"Chad","4","4,884","8.494"
"chap","4","1,620","7.390"
"char","4","19,943","9.901"
"chat","4","11,998","9.392"
"chef","4","1,418","7.257"
"chew","4","2,861","7.959"
"chic","4","532","6.277"
"chin","4","4,747","8.465"
"chip","4","35,544","10.479"
"chit","4","205","5.323"
"chop","4","2,331","7.754"
"chow","4","3,329","8.110"
"chug","4","253","5.533"
"chum","4","301","5.707"
"ciao","4","2,174","7.684"
"cite","4","6,151","8.724"
"city","4","102,007","11.533"
"clad","4","876","6.775"
"clam","4","768","6.644"
"clan","4","4,149","8.331"
"clap","4","932","6.837"
"claw","4","2,194","7.693"
"clay","4","10,797","9.287"
"clef","4","161","5.081"
"clip","4","7,281","8.893"
"clod","4","192","5.257"
"clog","4","836","6.729"
"clop","4","28","3.332"
"clot","4","271","5.602"
"club","4","63,264","11.055"
"clue","4","17,913","9.793"
"coal","4","4,838","8.484"
"coat","4","10,295","9.239"
"coax","4","2,086","7.643"
"coca","4","1,591","7.372"
"cock","4","23,323","10.057"
"coda","4","559","6.326"
"code","4","148,173","11.906"
"coed","4","321","5.771"
"cogs","4","449","6.107"
"coil","4","3,384","8.127"
"coin","4","6,375","8.760"
"Coke","4","4,270","8.359"
"cola","4","1,736","7.459"
"cold","4","34,854","10.459"
"cole","4","3,944","8.280"
"colt","4","1,935","7.568"
"coma","4","1,240","7.123"
"comb","4","1,614","7.386"
"come","4","232,041","12.355"
"cone","4","3,540","8.172"
"conk","4","57","4.043"
"cons","4","4,237","8.352"
"cook","4","13,551","9.514"
"cool","4","49,548","10.811"
"coop","4","851","6.746"
"cope","4","3,789","8.240"
"cops","4","7,057","8.862"
"copy","4","126,341","11.747"
"cord","4","4,635","8.441"
"core","4","19,755","9.891"
"cork","4","1,394","7.240"
"corn","4","4,988","8.515"
"corp","4","21,190","9.961"
"cost","4","99,509","11.508"
"cosy","4","260","5.561"
"coup","4","2,299","7.740"
"cove","4","1,145","7.043"
"cowl","4","334","5.811"
"cows","4","3,717","8.221"
"cozy","4","726","6.588"
"crab","4","980","6.888"
"crag","4","135","4.905"
"cram","4","1,273","7.149"
"crap","4","21,328","9.968"
"crew","4","15,253","9.633"
"crib","4","1,280","7.155"
"crop","4","4,786","8.473"
"crow","4","4,667","8.448"
"crux","4","845","6.739"
"Cuba","4","6,767","8.820"
"cube","4","5,028","8.523"
"cubs","4","1,350","7.208"
"cues","4","1,192","7.083"
"cuff","4","835","6.727"
"cull","4","345","5.844"
"cult","4","10,847","9.292"
"cups","4","5,726","8.653"
"curb","4","2,042","7.622"
"curd","4","148","4.997"
"cure","4","8,515","9.050"
"curl","4","1,236","7.120"
"curt","4","2,743","7.917"
"cusp","4","154","5.037"
"cuss","4","293","5.680"
"cute","4","11,008","9.306"
"cuts","4","12,607","9.442"
"cyst","4","306","5.724"
"czar","4","451","6.111"
"daft","4","558","6.324"
"dale","4","9,905","9.201"
"Dali","4","683","6.526"
"dame","4","2,947","7.989"
"damn","4","30,471","10.325"
"damp","4","1,712","7.445"
"dams","4","612","6.417"
"Dana","4","5,549","8.621"
"Dane","4","1,172","7.066"
"dank","4","594","6.387"
"dare","4","8,885","9.092"
"dark","4","71,249","11.174"
"darn","4","4,516","8.415"
"dart","4","1,653","7.410"
"dash","4","3,424","8.139"
"data","4","203,945","12.226"
"date","4","136,274","11.822"
"daub","4","88","4.477"
"Dave","4","61,964","11.034"
"dawn","4","8,283","9.022"
"days","4","158,630","11.974"
"daze","4","598","6.394"
"dead","4","72,864","11.196"
"deaf","4","6,119","8.719"
"deal","4","83,766","11.336"
"dean","4","14,488","9.581"
"dear","4","29,554","10.294"
"debt","4","14,192","9.560"
"deck","4","28,755","10.267"
"deed","4","1,981","7.591"
"deem","4","1,103","7.006"
"deep","4","42,695","10.662"
"deer","4","4,911","8.499"
"deft","4","199","5.293"
"defy","4","1,119","7.020"
"dell","4","6,060","8.709"
"demo","4","24,690","10.114"
"dens","4","115","4.745"
"dent","4","2,465","7.810"
"deny","4","13,082","9.479"
"desk","4","13,624","9.520"
"dewy","4","73","4.290"
"dial","4","12,970","9.470"
"diam","4","1,053","6.959"
"dibs","4","333","5.808"
"dice","4","14,894","9.609"
"died","4","28,767","10.267"
"dies","4","8,972","9.102"
"diet","4","12,432","9.428"
"digs","4","687","6.532"
"dike","4","181","5.198"
"dill","4","491","6.196"
"dime","4","2,557","7.847"
"dine","4","570","6.346"
"dips","4","674","6.513"
"dire","4","4,069","8.311"
"dirt","4","7,642","8.941"
"disc","4","16,844","9.732"
"dish","4","7,237","8.887"
"disk","4","108,080","11.591"
"diva","4","872","6.771"
"dive","4","8,177","9.009"
"dock","4","2,543","7.841"
"dodo","4","303","5.714"
"doer","4","147","4.990"
"does","4","525,612","13.172"
"doff","4","42","3.738"
"dogs","4","32,637","10.393"
"dole","4","6,478","8.776"
"doll","4","5,685","8.646"
"dolt","4","359","5.883"
"dome","4","2,233","7.711"
"done","4","173,968","12.067"
"doom","4","33,765","10.427"
"door","4","53,813","10.893"
"dope","4","1,900","7.550"
"dorm","4","1,650","7.409"
"dose","4","5,092","8.535"
"dots","4","2,767","7.926"
"Doug","4","19,444","9.875"
"dour","4","106","4.663"
"dove","4","2,713","7.906"
"down","4","293,731","12.590"
"doze","4","277","5.624"
"drab","4","342","5.835"
"drag","4","11,908","9.385"
"dram","4","7,095","8.867"
"drat","4","173","5.153"
"draw","4","26,592","10.188"
"drew","4","9,787","9.189"
"drip","4","1,348","7.206"
"drop","4","47,322","10.765"
"drug","4","37,439","10.530"
"drum","4","8,300","9.024"
"dual","4","13,358","9.500"
"duck","4","6,829","8.829"
"duct","4","1,101","7.004"
"dude","4","6,892","8.838"
"duds","4","227","5.425"
"duel","4","1,681","7.427"
"duet","4","992","6.900"
"duke","4","12,035","9.396"
"dull","4","4,644","8.443"
"duly","4","1,030","6.937"
"dumb","4","12,449","9.429"
"dump","4","10,072","9.218"
"dune","4","2,291","7.737"
"dung","4","1,175","7.069"
"dunk","4","1,068","6.974"
"dupe","4","387","5.958"
"dusk","4","795","6.678"
"dust","4","18,645","9.833"
"duty","4","14,997","9.616"
"dyed","4","482","6.178"
"each","4","303,525","12.623"
"earl","4","6,000","8.700"
"earn","4","11,987","9.392"
"ears","4","12,268","9.415"
"ease","4","9,671","9.177"
"east","4","49,098","10.802"
"easy","4","93,775","11.449"
"eats","4","3,464","8.150"
"ebbs","4","167","5.118"
"echo","4","29,638","10.297"
"ecru","4","49","3.892"
"eddy","4","1,800","7.496"
"Eden","4","3,114","8.044"
"edge","4","37,877","10.542"
"edgy","4","212","5.357"
"edit","4","20,183","9.913"
"eggs","4","8,214","9.014"
"eked","4","17","2.833"
"elks","4","92","4.522"
"elms","4","136","4.913"
"else","4","176,434","12.081"
"emir","4","175","5.165"
"emit","4","1,140","7.039"
"Emma","4","1,984","7.593"
"ends","4","27,525","10.223"
"envy","4","2,556","7.846"
"epic","4","5,310","8.577"
"Eric","4","39,370","10.581"
"Eros","4","723","6.583"
"errs","4","270","5.598"
"espy","4","390","5.966"
"etch","4","398","5.986"
"even","4","490,549","13.103"
"ever","4","173,858","12.066"
"evil","4","43,736","10.686"
"exam","4","4,218","8.347"
"exit","4","25,629","10.151"
"expo","4","2,322","7.750"
"eyed","4","1,219","7.106"
"eyes","4","58,027","10.969"
"Ezra","4","573","6.351"
"face","4","77,706","11.261"
"fact","4","184,510","12.125"
"fade","4","3,505","8.162"
"fads","4","260","5.561"
"fail","4","18,678","9.835"
"fain","4","264","5.576"
"fair","4","45,321","10.722"
"fake","4","7,853","8.969"
"fall","4","46,059","10.738"
"fame","4","6,089","8.714"
"fang","4","917","6.821"
"fans","4","31,621","10.362"
"fare","4","5,309","8.577"
"farm","4","10,864","9.293"
"fart","4","1,320","7.185"
"fast","4","77,003","11.252"
"fate","4","8,495","9.047"
"fats","4","1,149","7.047"
"faun","4","45","3.807"
"fawn","4","388","5.961"
"faze","4","100","4.605"
"fear","4","34,537","10.450"
"feat","4","1,607","7.382"
"feds","4","2,802","7.938"
"feed","4","20,084","9.908"
"feel","4","162,048","11.996"
"fees","4","18,502","9.826"
"feet","4","40,143","10.600"
"fell","4","16,827","9.731"
"felt","4","50,231","10.824"
"fend","4","1,791","7.491"
"fern","4","569","6.344"
"feud","4","818","6.707"
"Fiat","4","1,069","6.974"
"fief","4","61","4.111"
"fife","4","543","6.297"
"figs","4","807","6.693"
"Fiji","4","442","6.091"
"file","4","311,710","12.650"
"fill","4","26,443","10.183"
"film","4","52,691","10.872"
"find","4","378,725","12.845"
"fine","4","111,801","11.624"
"fink","4","819","6.708"
"Finn","4","1,272","7.148"
"fins","4","1,646","7.406"
"fire","4","62,707","11.046"
"firm","4","34,530","10.450"
"fish","4","30,614","10.329"
"fist","4","6,036","8.705"
"fits","4","10,268","9.237"
"five","4","62,706","11.046"
"fizz","4","147","4.990"
"flag","4","15,311","9.636"
"flak","4","861","6.758"
"flan","4","141","4.949"
"flap","4","1,408","7.250"
"flat","4","26,256","10.176"
"flaw","4","3,798","8.242"
"flax","4","342","5.835"
"flay","4","59","4.078"
"flea","4","3,443","8.144"
"fled","4","2,250","7.719"
"flee","4","1,506","7.317"
"flew","4","4,963","8.510"
"flex","4","2,762","7.924"
"flip","4","5,994","8.699"
"flit","4","155","5.043"
"floe","4","489","6.192"
"flog","4","276","5.620"
"flop","4","1,545","7.343"
"flow","4","21,063","9.955"
"flue","4","130","4.868"
"flux","4","5,580","8.627"
"foal","4","263","5.572"
"foam","4","3,659","8.205"
"foci","4","174","5.159"
"foes","4","914","6.818"
"foil","4","5,405","8.595"
"fold","4","4,906","8.498"
"folk","4","11,992","9.392"
"fond","4","4,113","8.322"
"font","4","19,610","9.884"
"food","4","59,724","10.997"
"fool","4","13,690","9.524"
"foot","4","24,212","10.095"
"ford","4","16,671","9.721"
"fore","4","1,702","7.440"
"fork","4","11,253","9.328"
"form","4","118,268","11.681"
"fort","4","8,420","9.038"
"foul","4","4,072","8.312"
"four","4","85,200","11.353"
"fowl","4","417","6.033"
"foxy","4","272","5.606"
"Fran","4","1,883","7.541"
"fray","4","815","6.703"
"Fred","4","15,428","9.644"
"free","4","244,067","12.405"
"fret","4","1,920","7.560"
"frog","4","3,126","8.048"
"from","4","1,894,943","14.455"
"fuel","4","16,552","9.714"
"Fuji","4","1,380","7.230"
"full","4","155,605","11.955"
"fume","4","222","5.403"
"fund","4","17,735","9.783"
"funk","4","2,551","7.844"
"furl","4","4","1.386"
"furs","4","334","5.811"
"fury","4","3,864","8.259"
"fuse","4","2,292","7.737"
"fuss","4","1,986","7.594"
"fuzz","4","726","6.588"
"gaff","4","398","5.986"
"gaga","4","95","4.554"
"gage","4","689","6.535"
"gags","4","633","6.450"
"gain","4","23,905","10.082"
"gait","4","655","6.485"
"gala","4","769","6.645"
"gale","4","924","6.829"
"gall","4","1,258","7.137"
"gals","4","1,518","7.325"
"game","4","197,271","12.192"
"gang","4","7,821","8.965"
"gape","4","153","5.030"
"gaps","4","2,498","7.823"
"garb","4","487","6.188"
"Gary","4","27,188","10.211"
"gash","4","260","5.561"
"gasp","4","2,664","7.888"
"gate","4","16,638","9.719"
"gaud","4","7","1.946"
"Gaul","4","387","5.958"
"gave","4","52,246","10.864"
"gawk","4","408","6.011"
"gaze","4","2,488","7.819"
"gear","4","15,326","9.637"
"gems","4","2,144","7.670"
"gene","4","25,570","10.149"
"gent","4","625","6.438"
"germ","4","645","6.469"
"gets","4","86,927","11.373"
"gibe","4","27","3.296"
"gift","4","11,722","9.369"
"gild","4","77","4.344"
"gill","4","1,748","7.466"
"gilt","4","374","5.924"
"gins","4","22","3.091"
"gird","4","146","4.984"
"girl","4","40,340","10.605"
"gist","4","1,041","6.948"
"give","4","230,878","12.350"
"glad","4","25,586","10.150"
"glee","4","633","6.450"
"glen","4","6,171","8.728"
"glib","4","343","5.838"
"glow","4","2,584","7.857"
"glue","4","5,283","8.572"
"glum","4","69","4.234"
"glut","4","623","6.435"
"gnat","4","1,244","7.126"
"gnaw","4","157","5.056"
"goad","4","188","5.236"
"goal","4","26,030","10.167"
"goat","4","2,562","7.849"
"gobs","4","660","6.492"
"gods","4","11,535","9.353"
"goes","4","89,621","11.403"
"gogo","4","263","5.572"
"gold","4","53,067","10.879"
"golf","4","10,448","9.254"
"gone","4","51,800","10.855"
"gong","4","1,010","6.918"
"good","4","628,816","13.352"
"goof","4","716","6.574"
"goon","4","633","6.450"
"gore","4","5,182","8.553"
"gory","4","745","6.613"
"gosh","4","3,146","8.054"
"Goth","4","2,046","7.624"
"gout","4","283","5.645"
"gown","4","1,301","7.171"
"grab","4","10,230","9.233"
"grad","4","6,390","8.762"
"gram","4","1,638","7.401"
"gray","4","12,665","9.447"
"Greg","4","24,705","10.115"
"grew","4","10,672","9.275"
"grey","4","12,685","9.448"
"grid","4","5,377","8.590"
"grim","4","1,846","7.521"
"grin","4","8,803","9.083"
"grip","4","7,900","8.975"
"grit","4","1,077","6.982"
"grow","4","24,803","10.119"
"grub","4","184","5.215"
"Guam","4","788","6.669"
"gulf","4","6,445","8.771"
"gull","4","281","5.638"
"gulp","4","679","6.521"
"gums","4","517","6.248"
"gunk","4","423","6.047"
"guns","4","24,000","10.086"
"guru","4","7,060","8.862"
"gush","4","443","6.094"
"gust","4","298","5.697"
"guts","4","3,719","8.221"
"guys","4","58,720","10.981"
"Gwen","4","830","6.721"
"gyms","4","288","5.663"
"gyro","4","460","6.131"
"hack","4","9,825","9.193"
"haha","4","974","6.881"
"hail","4","3,226","8.079"
"hair","4","42,603","10.660"
"hale","4","1,882","7.540"
"half","4","71,926","11.183"
"hall","4","33,443","10.418"
"halo","4","935","6.841"
"halt","4","4,028","8.301"
"hams","4","1,175","7.069"
"hand","4","124,848","11.735"
"hang","4","17,803","9.787"
"Hank","4","3,296","8.100"
"hard","4","176,370","12.080"
"hare","4","1,946","7.574"
"hark","4","651","6.479"
"harm","4","12,379","9.424"
"harp","4","1,667","7.419"
"hash","4","3,628","8.196"
"hast","4","766","6.641"
"hate","4","44,130","10.695"
"hath","4","2,087","7.643"
"hats","4","2,559","7.847"
"haul","4","1,934","7.567"
"have","4","3,003,873","14.915"
"hawk","4","3,597","8.188"
"haze","4","937","6.843"
"hazy","4","735","6.600"
"head","4","109,089","11.600"
"heal","4","4,319","8.371"
"heap","4","4,315","8.370"
"hear","4","90,309","11.411"
"heat","4","28,372","10.253"
"heck","4","12,963","9.470"
"he'd","4","15,631","9.657"
"heed","4","1,057","6.963"
"heel","4","4,377","8.384"
"heir","4","1,401","7.245"
"held","4","58,944","10.984"
"hell","4","62,006","11.035"
"helm","4","4,959","8.509"
"help","4","335,483","12.723"
"hemp","4","6,011","8.701"
"hens","4","370","5.914"
"herb","4","4,078","8.313"
"herd","4","2,303","7.742"
"here","4","477,382","13.076"
"hero","4","15,998","9.680"
"hers","4","3,436","8.142"
"he's","4","87,223","11.376"
"hick","4","431","6.066"
"hide","4","14,077","9.552"
"high","4","185,510","12.131"
"hike","4","2,398","7.782"
"hill","4","31,346","10.353"
"hilt","4","710","6.565"
"hind","4","12,917","9.466"
"hint","4","10,531","9.262"
"hips","4","6,726","8.814"
"hire","4","11,829","9.378"
"hiss","4","1,134","7.034"
"hits","4","15,857","9.671"
"hive","4","3,722","8.222"
"hoar","4","405","6.004"
"hoax","4","2,246","7.717"
"hobo","4","178","5.182"
"hock","4","561","6.330"
"hoes","4","155","5.043"
"hogs","4","704","6.557"
"hold","4","71,050","11.171"
"hole","4","25,790","10.158"
"holy","4","27,262","10.213"
"home","4","190,434","12.157"
"hone","4","315","5.753"
"honk","4","432","6.068"
"hood","4","7,563","8.931"
"hoof","4","429","6.061"
"hook","4","11,610","9.360"
"hoop","4","1,279","7.154"
"hoot","4","963","6.870"
"hope","4","150,675","11.923"
"hops","4","1,980","7.591"
"horn","4","9,173","9.124"
"hose","4","3,874","8.262"
"host","4","35,396","10.474"
"hour","4","46,820","10.754"
"howl","4","3,225","8.079"
"hubs","4","2,687","7.896"
"hues","4","241","5.485"
"Huey","4","805","6.691"
"huff","4","665","6.500"
"huge","4","38,161","10.550"
"Hugh","4","5,867","8.677"
"hula","4","247","5.509"
"hulk","4","4,506","8.413"
"hull","4","5,090","8.535"
"hump","4","767","6.642"
"hung","4","8,535","9.052"
"hunk","4","936","6.842"
"hunt","4","15,346","9.639"
"hurl","4","516","6.246"
"hurt","4","28,018","10.241"
"hush","4","517","6.248"
"husk","4","267","5.587"
"huts","4","387","5.958"
"Hyde","4","2,068","7.634"
"hymn","4","2,288","7.735"
"iamb","4","10","2.303"
"ibex","4","31","3.434"
"ibis","4","224","5.412"
"iced","4","565","6.337"
"icon","4","14,402","9.575"
"idea","4","133,710","11.803"
"idle","4","5,772","8.661"
"idly","4","432","6.068"
"idol","4","1,920","7.560"
"Igor","4","2,170","7.682"
"I'll","4","159,272","11.978"
"ills","4","881","6.781"
"Inca","4","718","6.576"
"inch","4","16,319","9.700"
"info","4","159,678","11.981"
"inks","4","593","6.385"
"inky","4","136","4.913"
"inns","4","572","6.349"
"into","4","563,310","13.242"
"ions","4","1,201","7.091"
"iota","4","713","6.569"
"Iowa","4","11,455","9.346"
"Iran","4","8,076","8.997"
"Iraq","4","4,464","8.404"
"iris","4","4,494","8.410"
"iron","4","19,187","9.862"
"Isis","4","1,398","7.243"
"isle","4","2,369","7.770"
"itch","4","758","6.631"
"it'd","4","4,698","8.455"
"item","4","35,168","10.468"
"it's","4","665,860","13.409"
"I've","4","339,236","12.734"
"jabs","4","326","5.787"
"Jack","4","31,462","10.357"
"jade","4","7,028","8.858"
"jail","4","9,659","9.176"
"Jake","4","6,277","8.745"
"jams","4","1,465","7.290"
"Jane","4","10,115","9.222"
"jars","4","1,186","7.078"
"Java","4","9,284","9.136"
"jaws","4","1,546","7.343"
"jazz","4","13,759","9.529"
"jeep","4","2,639","7.878"
"jeer","4","69","4.234"
"Jeff","4","41,843","10.642"
"Jena","4","197","5.283"
"jerk","4","4,772","8.471"
"jest","4","2,158","7.677"
"jets","4","3,232","8.081"
"Jews","4","25,158","10.133"
"jilt","4","0","0.000"
"jinx","4","491","6.196"
"jive","4","691","6.538"
"jobs","4","42,367","10.654"
"jock","4","947","6.853"
"Joel","4","14,485","9.581"
"Joey","4","3,282","8.096"
"jogs","4","66","4.190"
"John","4","181,799","12.111"
"join","4","43,729","10.686"
"joke","4","20,262","9.917"
"jolt","4","817","6.706"
"Jose","4","21,237","9.964"
"josh","4","5,867","8.677"
"joss","4","126","4.836"
"jowl","4","12","2.485"
"joys","4","1,001","6.909"
"Juan","4","5,780","8.662"
"Jude","4","1,018","6.926"
"judo","4","1,259","7.138"
"Judy","4","4,770","8.470"
"juke","4","189","5.242"
"July","4","23,456","10.063"
"jump","4","26,855","10.198"
"June","4","28,477","10.257"
"junk","4","12,375","9.423"
"Juno","4","449","6.107"
"jury","4","7,008","8.855"
"just","4","1,020,539","13.836"
"kale","4","795","6.678"
"Kali","4","2,046","7.624"
"Kant","4","1,458","7.285"
"Kate","4","6,463","8.774"
"keel","4","639","6.460"
"keen","4","3,441","8.144"
"keep","4","183,906","12.122"
"kegs","4","454","6.118"
"kelp","4","1,913","7.556"
"keno","4","210","5.347"
"Kent","4","7,865","8.970"
"kept","4","38,548","10.560"
"keys","4","32,828","10.399"
"khan","4","4,477","8.407"
"kick","4","19,877","9.897"
"kids","4","49,811","10.816"
"kill","4","70,815","11.168"
"kiln","4","192","5.257"
"kilo","4","566","6.339"
"kilt","4","428","6.059"
"kind","4","131,849","11.789"
"king","4","52,583","10.870"
"kink","4","706","6.560"
"Kirk","4","9,112","9.117"
"kiss","4","12,848","9.461"
"kite","4","2,346","7.760"
"kits","4","7,216","8.884"
"kiwi","4","1,394","7.240"
"knee","4","7,176","8.878"
"knew","4","56,518","10.942"
"knit","4","1,112","7.014"
"knob","4","2,049","7.625"
"knot","4","2,001","7.601"
"know","4","800,100","13.592"
"Kurt","4","10,349","9.245"
"lace","4","3,285","8.097"
"lack","4","41,016","10.622"
"lacy","4","759","6.632"
"lads","4","598","6.394"
"lady","4","25,980","10.165"
"lags","4","379","5.938"
"laid","4","9,979","9.208"
"lain","4","1,380","7.230"
"lair","4","1,488","7.305"
"lake","4","21,614","9.981"
"Lama","4","1,472","7.294"
"lamb","4","3,444","8.144"
"lame","4","7,593","8.935"
"lamp","4","6,657","8.803"
"land","4","75,075","11.226"
"lane","4","14,139","9.557"
"lank","4","30","3.401"
"Laos","4","1,572","7.360"
"laps","4","1,959","7.580"
"lard","4","602","6.400"
"lark","4","659","6.491"
"lash","4","649","6.475"
"lass","4","725","6.586"
"last","4","291,284","12.582"
"late","4","55,030","10.916"
"lath","4","61","4.111"
"laud","4","182","5.204"
"lava","4","2,757","7.922"
"lawn","4","2,663","7.887"
"laws","4","49,010","10.800"
"lays","4","1,371","7.223"
"laze","4","38","3.638"
"lazy","4","6,326","8.752"
"lead","4","48,779","10.795"
"leaf","4","7,051","8.861"
"leak","4","5,143","8.545"
"lean","4","4,547","8.422"
"leap","4","6,090","8.714"
"leek","4","201","5.303"
"leer","4","973","6.880"
"left","4","132,017","11.791"
"legs","4","26,451","10.183"
"lend","4","2,983","8.001"
"lens","4","9,343","9.142"
"lent","4","1,321","7.186"
"Leon","4","4,505","8.413"
"less","4","158,428","11.973"
"lest","4","2,928","7.982"
"lets","4","23,648","10.071"
"levy","4","2,155","7.676"
"lewd","4","1,745","7.465"
"liar","4","6,138","8.722"
"lice","4","396","5.981"
"lick","4","4,418","8.393"
"lids","4","486","6.186"
"lied","4","4,456","8.402"
"lien","4","760","6.633"
"lies","4","20,384","9.923"
"lieu","4","1,941","7.571"
"life","4","219,561","12.299"
"lift","4","9,806","9.191"
"like","4","1,060,831","13.875"
"lilt","4","68","4.220"
"lily","4","2,643","7.880"
"Lima","4","2,029","7.615"
"limb","4","2,127","7.662"
"lime","4","2,086","7.643"
"limp","4","1,596","7.375"
"line","4","239,804","12.388"
"link","4","39,054","10.573"
"lint","4","1,004","6.912"
"lion","4","7,671","8.945"
"lips","4","14,796","9.602"
"lira","4","435","6.075"
"Lisa","4","13,730","9.527"
"lisp","4","9,350","9.143"
"list","4","317,096","12.667"
"live","4","128,442","11.763"
"load","4","40,668","10.613"
"loaf","4","1,223","7.109"
"loam","4","91","4.511"
"loan","4","9,525","9.162"
"lobe","4","464","6.140"
"loci","4","286","5.656"
"lock","4","18,221","9.810"
"loco","4","776","6.654"
"lode","4","599","6.395"
"loft","4","749","6.619"
"logs","4","4,093","8.317"
"loin","4","555","6.319"
"Lois","4","3,030","8.016"
"loll","4","31","3.434"
"lone","4","6,448","8.772"
"long","4","273,917","12.521"
"look","4","253,524","12.443"
"loom","4","643","6.466"
"loon","4","880","6.780"
"loop","4","16,305","9.699"
"loot","4","999","6.907"
"lope","4","80","4.382"
"lord","4","38,009","10.546"
"lore","4","3,849","8.256"
"lose","4","38,347","10.554"
"loss","4","30,002","10.309"
"lost","4","78,090","11.266"
"lots","4","70,143","11.158"
"loud","4","11,931","9.387"
"love","4","165,830","12.019"
"lows","4","1,019","6.927"
"luck","4","60,629","11.013"
"Lucy","4","3,448","8.146"
"luge","4","39","3.664"
"Luke","4","11,795","9.375"
"lull","4","477","6.168"
"lump","4","2,579","7.855"
"lung","4","13,500","9.510"
"lure","4","5,051","8.527"
"lurk","4","1,850","7.523"
"lush","4","1,018","6.926"
"lust","4","5,572","8.626"
"lute","4","349","5.855"
"Lyle","4","1,945","7.573"
"Lynn","4","12,846","9.461"
"lynx","4","8,536","9.052"
"lyre","4","1,735","7.459"
"mace","4","1,274","7.150"
"mack","4","2,133","7.665"
"made","4","271,084","12.510"
"magi","4","441","6.089"
"maid","4","1,714","7.447"
"mail","4","260,346","12.470"
"maim","4","349","5.855"
"main","4","74,094","11.213"
"make","4","520,909","13.163"
"male","4","58,587","10.978"
"Mali","4","457","6.125"
"mall","4","7,767","8.958"
"malt","4","1,882","7.540"
"mama","4","3,617","8.193"
"mane","4","512","6.238"
"many","4","474,923","13.071"
"maps","4","11,613","9.360"
"mare","4","1,430","7.265"
"mark","4","103,559","11.548"
"Mars","4","8,196","9.011"
"mart","4","1,401","7.245"
"Marx","4","3,468","8.151"
"Mary","4","25,159","10.133"
"mash","4","1,627","7.394"
"mask","4","12,361","9.422"
"mass","4","33,835","10.429"
"mast","4","1,614","7.386"
"mate","4","5,179","8.552"
"math","4","18,404","9.820"
"mats","4","2,087","7.643"
"Matt","4","25,398","10.142"
"maul","4","285","5.652"
"maxi","4","320","5.768"
"mayo","4","1,520","7.326"
"Mays","4","1,003","6.911"
"maze","4","6,472","8.775"
"mead","4","1,693","7.434"
"meal","4","6,528","8.784"
"mean","4","151,693","11.930"
"meat","4","14,861","9.606"
"meek","4","1,498","7.312"
"meet","4","48,215","10.783"
"meld","4","629","6.444"
"melt","4","2,781","7.931"
"memo","4","3,321","8.108"
"mend","4","357","5.878"
"menu","4","28,562","10.260"
"meow","4","1,154","7.051"
"mere","4","9,454","9.154"
"mesa","4","5,954","8.692"
"mesh","4","1,955","7.578"
"mess","4","13,190","9.487"
"Mets","4","1,347","7.206"
"mica","4","409","6.014"
"mice","4","4,181","8.338"
"miff","4","59","4.078"
"Mike","4","82,468","11.320"
"mild","4","5,333","8.582"
"mile","4","9,657","9.175"
"milk","4","15,195","9.629"
"mill","4","4,853","8.487"
"milt","4","816","6.704"
"mime","4","9,918","9.202"
"mind","4","131,156","11.784"
"mine","4","89,230","11.399"
"mini","4","7,238","8.887"
"mink","4","582","6.366"
"mint","4","84,435","11.344"
"minx","4","145","4.977"
"mire","4","427","6.057"
"miss","4","30,936","10.340"
"mist","4","3,266","8.091"
"mite","4","471","6.155"
"mitt","4","163","5.094"
"moan","4","2,141","7.669"
"moat","4","2,286","7.735"
"mobs","4","415","6.028"
"mock","4","1,816","7.504"
"mode","4","65,878","11.096"
"mold","4","3,748","8.229"
"mole","4","1,536","7.337"
"moll","4","386","5.956"
"monk","4","3,775","8.236"
"mono","4","7,152","8.875"
"mood","4","7,396","8.909"
"moon","4","30,689","10.332"
"Moor","4","608","6.410"
"moos","4","250","5.521"
"moot","4","2,408","7.787"
"mope","4","95","4.554"
"mops","4","266","5.583"
"more","4","1,076,711","13.889"
"morn","4","357","5.878"
"moss","4","3,715","8.220"
"most","4","495,365","13.113"
"moth","4","515","6.244"
"move","4","80,091","11.291"
"much","4","483,898","13.090"
"muck","4","1,235","7.119"
"muff","4","348","5.852"
"mugs","4","655","6.485"
"mule","4","1,488","7.305"
"mull","4","252","5.529"
"murk","4","1,305","7.174"
"muse","4","1,301","7.171"
"mush","4","2,549","7.843"
"musk","4","216","5.375"
"muss","4","812","6.700"
"must","4","306,094","12.632"
"mute","4","1,377","7.228"
"mutt","4","442","6.091"
"myth","4","8,162","9.007"
"nail","4","4,603","8.434"
"name","4","297,695","12.604"
"nape","4","175","5.165"
"naps","4","303","5.714"
"navy","4","8,936","9.098"
"Nazi","4","9,203","9.127"
"Neal","4","4,218","8.347"
"near","4","78,062","11.265"
"neat","4","11,901","9.384"
"neck","4","14,841","9.605"
"need","4","415,850","12.938"
"neon","4","3,606","8.190"
"Nero","4","594","6.387"
"nest","4","2,558","7.847"
"nets","4","3,435","8.142"
"news","4","149,044","11.912"
"newt","4","8,878","9.091"
"next","4","188,009","12.144"
"nice","4","113,119","11.636"
"nick","4","17,831","9.789"
"nigh","4","393","5.974"
"Nile","4","703","6.555"
"Nina","4","1,660","7.415"
"nine","4","14,715","9.597"
"nips","4","340","5.829"
"Noah","4","3,103","8.040"
"node","4","8,028","8.991"
"nods","4","548","6.306"
"Noel","4","2,079","7.640"
"none","4","90,590","11.414"
"nook","4","237","5.468"
"noon","4","4,848","8.486"
"nope","4","11,114","9.316"
"norm","4","6,407","8.765"
"nose","4","13,919","9.541"
"nosh","4","36","3.584"
"nosy","4","929","6.834"
"note","4","131,657","11.788"
"noun","4","1,523","7.328"
"nova","4","8,385","9.034"
"nude","4","6,496","8.779"
"null","4","15,410","9.643"
"numb","4","1,271","7.148"
"nuns","4","1,084","6.988"
"nuts","4","8,407","9.037"
"oafs","4","31","3.434"
"oaks","4","1,631","7.397"
"oath","4","3,595","8.187"
"oats","4","903","6.806"
"obey","4","4,163","8.334"
"oboe","4","317","5.759"
"odds","4","8,295","9.023"
"odor","4","1,395","7.241"
"o'er","4","158","5.063"
"ogle","4","676","6.516"
"ogre","4","4,698","8.455"
"Ohio","4","20,023","9.905"
"oils","4","2,388","7.778"
"oily","4","570","6.346"
"oink","4","428","6.059"
"okay","4","33,915","10.432"
"okra","4","175","5.165"
"Olga","4","1,797","7.494"
"omen","4","995","6.903"
"omit","4","1,630","7.396"
"once","4","188,862","12.149"
"ones","4","82,907","11.325"
"only","4","828,014","13.627"
"onto","4","37,373","10.529"
"onus","4","559","6.326"
"onyx","4","1,495","7.310"
"oops","4","7,763","8.957"
"ooze","4","2,454","7.805"
"oozy","4","26","3.258"
"opal","4","664","6.498"
"open","4","145,040","11.885"
"opus","4","1,438","7.271"
"oral","4","8,570","9.056"
"ores","4","231","5.442"
"orgy","4","685","6.529"
"Oslo","4","2,416","7.790"
"Otto","4","2,430","7.796"
"ouch","4","2,357","7.765"
"ours","4","6,847","8.832"
"oust","4","205","5.323"
"outs","4","2,012","7.607"
"oval","4","1,754","7.470"
"oven","4","3,889","8.266"
"over","4","452,595","13.023"
"ovum","4","214","5.366"
"owed","4","1,733","7.458"
"owes","4","1,672","7.422"
"owls","4","777","6.655"
"owns","4","6,599","8.795"
"oxen","4","180","5.193"
"pace","4","7,202","8.882"
"pack","4","30,418","10.323"
"pact","4","1,366","7.220"
"pads","4","4,633","8.441"
"page","4","157,108","11.965"
"paid","4","50,044","10.821"
"pail","4","496","6.207"
"pain","4","36,596","10.508"
"pair","4","23,219","10.053"
"pale","4","5,424","8.599"
"pall","4","160","5.075"
"palm","4","5,990","8.698"
"pals","4","1,687","7.431"
"pane","4","969","6.876"
"pang","4","728","6.590"
"pans","4","1,067","6.973"
"pant","4","536","6.284"
"papa","4","2,086","7.643"
"pare","4","729","6.592"
"park","4","46,460","10.746"
"pars","4","203","5.313"
"part","4","249,067","12.425"
"pa's","4","192","5.257"
"pass","4","48,574","10.791"
"past","4","89,390","11.401"
"pate","4","472","6.157"
"path","4","43,722","10.686"
"Paul","4","89,377","11.401"
"pave","4","749","6.619"
"pawn","4","1,542","7.341"
"paws","4","1,401","7.245"
"pays","4","13,224","9.490"
"peak","4","8,419","9.038"
"peal","4","204","5.318"
"pear","4","971","6.878"
"peas","4","1,457","7.284"
"peat","4","650","6.477"
"peck","4","1,067","6.973"
"pecs","4","354","5.869"
"peed","4","411","6.019"
"peek","4","1,954","7.578"
"peel","4","2,813","7.942"
"peep","4","622","6.433"
"peer","4","4,088","8.316"
"pegs","4","577","6.358"
"pelt","4","387","5.958"
"pens","4","1,814","7.503"
"peon","4","207","5.333"
"perk","4","310","5.737"
"perm","4","8,527","9.051"
"pert","4","334","5.811"
"Peru","4","4,781","8.472"
"peso","4","2,329","7.753"
"pest","4","1,075","6.980"
"Pete","4","13,906","9.540"
"pets","4","4,867","8.490"
"pews","4","116","4.754"
"phew","4","466","6.144"
"Phil","4","20,084","9.908"
"pica","4","123","4.812"
"pick","4","45,297","10.721"
"pied","4","240","5.481"
"pier","4","1,150","7.048"
"pies","4","718","6.576"
"pigs","4","4,274","8.360"
"pike","4","2,432","7.796"
"pile","4","5,666","8.642"
"pill","4","2,805","7.939"
"pimp","4","988","6.896"
"pine","4","7,920","8.977"
"ping","4","5,115","8.540"
"pink","4","13,066","9.478"
"pins","4","7,569","8.932"
"pint","4","1,470","7.293"
"pipe","4","12,205","9.410"
"pish","4","48","3.871"
"piss","4","6,979","8.851"
"pith","4","113","4.727"
"pits","4","2,072","7.636"
"pity","4","4,908","8.499"
"plan","4","63,172","11.054"
"play","4","149,546","11.915"
"plea","4","1,986","7.594"
"plod","4","135","4.905"
"plop","4","495","6.205"
"plot","4","17,284","9.758"
"plow","4","763","6.637"
"ploy","4","1,362","7.217"
"plug","4","15,792","9.667"
"plum","4","825","6.715"
"plus","4","99,584","11.509"
"pock","4","27","3.296"
"pods","4","956","6.863"
"poem","4","5,184","8.553"
"poet","4","3,454","8.147"
"poke","4","2,583","7.857"
"poky","4","56","4.025"
"pole","4","5,730","8.653"
"poll","4","7,921","8.977"
"polo","4","1,407","7.249"
"pomp","4","139","4.934"
"pond","4","3,604","8.190"
"pong","4","948","6.854"
"pony","4","2,249","7.718"
"poof","4","582","6.366"
"Pooh","4","1,428","7.264"
"pool","4","16,200","9.693"
"poop","4","1,093","6.997"
"poor","4","53,482","10.887"
"Pope","4","8,144","9.005"
"pops","4","3,962","8.285"
"pore","4","415","6.028"
"pork","4","2,767","7.926"
"porn","4","6,587","8.793"
"port","4","62,053","11.036"
"pose","4","4,365","8.381"
"posh","4","313","5.746"
"post","4","275,951","12.528"
"posy","4","46","3.829"
"pots","4","2,565","7.850"
"pour","4","11,348","9.337"
"pout","4","334","5.811"
"pram","4","931","6.836"
"pray","4","9,582","9.168"
"prep","4","2,176","7.685"
"prey","4","3,684","8.212"
"prim","4","218","5.384"
"prod","4","1,748","7.466"
"prof","4","9,597","9.169"
"prom","4","1,424","7.261"
"prop","4","3,334","8.112"
"pros","4","6,424","8.768"
"prow","4","65","4.174"
"pubs","4","1,427","7.263"
"puce","4","48","3.871"
"puck","4","2,018","7.610"
"puff","4","1,196","7.087"
"puke","4","1,277","7.152"
"pull","4","28,190","10.247"
"pulp","4","4,301","8.367"
"puma","4","595","6.389"
"pump","4","10,590","9.268"
"punk","4","6,661","8.804"
"punt","4","500","6.215"
"puny","4","848","6.743"
"pupa","4","46","3.829"
"pups","4","975","6.882"
"pure","4","21,172","9.960"
"purr","4","375","5.927"
"push","4","19,347","9.870"
"puss","4","266","5.583"
"puts","4","15,760","9.665"
"putt","4","715","6.572"
"pyre","4","146","4.984"
"quad","4","4,523","8.417"
"quip","4","501","6.217"
"quit","4","16,823","9.731"
"quiz","4","2,915","7.978"
"race","4","46,405","10.745"
"rack","4","11,655","9.363"
"racy","4","149","5.004"
"raft","4","841","6.735"
"rage","4","6,289","8.747"
"rags","4","1,457","7.284"
"raid","4","6,762","8.819"
"rail","4","7,339","8.901"
"rain","4","17,801","9.787"
"rake","4","919","6.823"
"ramp","4","2,793","7.935"
"rand","4","7,231","8.886"
"rang","4","1,730","7.456"
"rank","4","9,512","9.160"
"rant","4","2,862","7.959"
"rape","4","12,684","9.448"
"rapt","4","132","4.883"
"rare","4","36,258","10.498"
"rash","4","2,285","7.734"
"rasp","4","122","4.804"
"rate","4","87,417","11.378"
"rats","4","7,486","8.921"
"rave","4","2,964","7.994"
"rays","4","1,644","7.405"
"raze","4","110","4.700"
"read","4","289,582","12.576"
"real","4","197,763","12.195"
"ream","4","336","5.817"
"reap","4","1,433","7.268"
"rear","4","15,895","9.674"
"redo","4","1,061","6.967"
"reds","4","1,723","7.452"
"reed","4","6,652","8.803"
"reef","4","2,981","8.000"
"reek","4","160","5.075"
"reel","4","2,752","7.920"
"rein","4","791","6.673"
"rely","4","8,349","9.030"
"rend","4","234","5.455"
"Reno","4","3,080","8.033"
"rent","4","10,739","9.282"
"reps","4","2,966","7.995"
"rest","4","78,610","11.272"
"ribs","4","1,849","7.522"
"rice","4","16,535","9.713"
"rich","4","36,592","10.508"
"Rick","4","21,027","9.954"
"ride","4","23,593","10.069"
"rife","4","477","6.168"
"riff","4","1,734","7.458"
"rift","4","1,865","7.531"
"rigs","4","746","6.615"
"rile","4","162","5.088"
"rime","4","927","6.832"
"rims","4","1,616","7.388"
"rind","4","407","6.009"
"ring","4","44,167","10.696"
"rink","4","2,015","7.608"
"riot","4","2,286","7.735"
"ripe","4","1,286","7.159"
"rise","4","14,753","9.599"
"risk","4","36,284","10.499"
"rite","4","2,043","7.622"
"ritz","4","1,517","7.324"
"road","4","66,722","11.108"
"roam","4","1,099","7.002"
"roar","4","1,516","7.324"
"robe","4","1,641","7.403"
"robs","4","291","5.673"
"rock","4","44,285","10.698"
"rode","4","2,639","7.878"
"rods","4","2,832","7.949"
"role","4","32,941","10.402"
"roll","4","21,720","9.986"
"Rome","4","5,454","8.604"
"romp","4","418","6.035"
"roof","4","5,626","8.635"
"rook","4","637","6.457"
"room","4","85,138","11.352"
"root","4","27,384","10.218"
"rope","4","6,358","8.757"
"Rosa","4","2,913","7.977"
"rose","4","19,326","9.869"
"Ross","4","11,123","9.317"
"rosy","4","862","6.759"
"rote","4","394","5.976"
"rots","4","177","5.176"
"rout","4","304","5.717"
"rove","4","39","3.664"
"rows","4","4,309","8.368"
"Roxy","4","594","6.387"
"ruby","4","4,465","8.404"
"rude","4","7,346","8.902"
"Rudy","4","1,357","7.213"
"rugs","4","552","6.314"
"ruin","4","7,182","8.879"
"rule","4","45,323","10.722"
"rump","4","847","6.742"
"rune","4","1,246","7.128"
"rung","4","563","6.333"
"runs","4","47,697","10.773"
"runt","4","264","5.576"
"ruse","4","911","6.815"
"rush","4","27,949","10.238"
"rusk","4","130","4.868"
"Russ","4","5,376","8.590"
"rust","4","4,188","8.340"
"Ruth","4","4,382","8.385"
"ruts","4","159","5.069"
"Ryan","4","14,349","9.571"
"sack","4","2,220","7.705"
"safe","4","33,169","10.409"
"saga","4","2,795","7.936"
"sage","4","4,766","8.469"
"sags","4","96","4.564"
"said","4","352,357","12.772"
"sail","4","3,552","8.175"
"sake","4","11,448","9.346"
"sale","4","95,391","11.466"
"salt","4","15,258","9.633"
"same","4","401,465","12.903"
"sand","4","10,083","9.219"
"sane","4","3,942","8.279"
"sang","4","5,220","8.560"
"sank","4","1,115","7.017"
"sans","4","2,830","7.948"
"saps","4","372","5.919"
"Sara","4","2,460","7.808"
"sash","4","307","5.727"
"sass","4","148","4.997"
"sate","4","108","4.682"
"Saul","4","1,011","6.919"
"save","4","62,632","11.045"
"saws","4","431","6.066"
"says","4","199,458","12.203"
"scab","4","546","6.303"
"scan","4","14,016","9.548"
"scar","4","1,738","7.460"
"scat","4","405","6.004"
"Scot","4","1,408","7.250"
"scud","4","356","5.875"
"scum","4","3,108","8.042"
"seal","4","6,421","8.767"
"seam","4","1,085","6.989"
"Sean","4","12,706","9.450"
"sear","4","265","5.580"
"seas","4","2,648","7.882"
"seat","4","17,184","9.752"
"sect","4","1,666","7.418"
"seed","4","8,215","9.014"
"seek","4","19,663","9.886"
"seem","4","122,295","11.714"
"seen","4","160,826","11.988"
"seep","4","207","5.333"
"seer","4","356","5.875"
"sees","4","12,244","9.413"
"self","4","29,333","10.286"
"sell","4","77,273","11.255"
"semi","4","2,188","7.691"
"send","4","324,164","12.689"
"sent","4","91,673","11.426"
"serf","4","550","6.310"
"sets","4","38,222","10.551"
"sewn","4","559","6.326"
"sexy","4","6,229","8.737"
"shag","4","476","6.165"
"shah","4","2,250","7.719"
"sham","4","1,009","6.917"
"shaw","4","5,608","8.632"
"Shea","4","1,969","7.585"
"shed","4","6,227","8.737"
"shim","4","478","6.170"
"shin","4","1,605","7.381"
"ship","4","51,299","10.845"
"shod","4","113","4.727"
"shoe","4","5,209","8.558"
"shoo","4","216","5.375"
"shop","4","27,995","10.240"
"shot","4","42,214","10.651"
"show","4","178,842","12.094"
"shun","4","925","6.830"
"shut","4","19,700","9.888"
"sick","4","22,109","10.004"
"side","4","112,408","11.630"
"sift","4","769","6.645"
"sigh","4","8,526","9.051"
"sign","4","39,389","10.581"
"sikh","4","1,641","7.403"
"silk","4","3,864","8.259"
"sill","4","439","6.084"
"silo","4","640","6.461"
"silt","4","182","5.204"
"sine","4","1,153","7.050"
"sing","4","10,917","9.298"
"sink","4","8,579","9.057"
"sins","4","5,195","8.555"
"sire","4","931","6.836"
"sirs","4","514","6.242"
"site","4","148,790","11.910"
"sits","4","5,661","8.641"
"size","4","107,005","11.581"
"skew","4","733","6.597"
"skid","4","783","6.663"
"skim","4","942","6.848"
"skin","4","24,973","10.126"
"skip","4","8,818","9.085"
"skis","4","2,189","7.691"
"skit","4","805","6.691"
"slab","4","981","6.889"
"slag","4","579","6.361"
"slam","4","4,231","8.350"
"slap","4","3,098","8.039"
"slat","4","70","4.248"
"Slav","4","437","6.080"
"slaw","4","86","4.454"
"slay","4","555","6.319"
"sled","4","2,423","7.793"
"slew","4","1,254","7.134"
"slid","4","4,980","8.513"
"slim","4","3,707","8.218"
"slip","4","24,291","10.098"
"slit","4","2,568","7.851"
"slob","4","379","5.938"
"sloe","4","29","3.367"
"slop","4","407","6.009"
"slot","4","11,956","9.389"
"slow","4","43,719","10.686"
"slug","4","4,597","8.433"
"slum","4","467","6.146"
"slur","4","658","6.489"
"slut","4","2,118","7.658"
"smog","4","727","6.589"
"smug","4","1,002","6.910"
"smut","4","849","6.744"
"snag","4","1,431","7.266"
"snap","4","8,365","9.032"
"snip","4","5,535","8.619"
"snob","4","453","6.116"
"snot","4","498","6.211"
"snow","4","20,209","9.914"
"snub","4","181","5.198"
"snug","4","1,259","7.138"
"soak","4","2,107","7.653"
"soap","4","8,037","8.992"
"soar","4","864","6.762"
"sobs","4","405","6.004"
"sock","4","1,146","7.044"
"soda","4","3,367","8.122"
"sofa","4","1,515","7.323"
"soft","4","22,233","10.009"
"soil","4","7,607","8.937"
"sold","4","189,940","12.154"
"sole","4","7,668","8.945"
"solo","4","17,635","9.778"
"soma","4","326","5.787"
"some","4","1,042,740","13.857"
"song","4","59,801","10.999"
"sons","4","7,093","8.867"
"soon","4","90,301","11.411"
"soot","4","283","5.645"
"sops","4","69","4.234"
"sore","4","3,354","8.118"
"sort","4","78,952","11.277"
"soul","4","32,352","10.384"
"soup","4","6,046","8.707"
"sour","4","2,340","7.758"
"sown","4","269","5.595"
"spam","4","25,571","10.149"
"span","4","3,410","8.134"
"spar","4","482","6.178"
"spat","4","688","6.534"
"spay","4","294","5.684"
"spec","4","7,879","8.972"
"sped","4","793","6.676"
"spew","4","3,351","8.117"
"spin","4","10,683","9.276"
"spit","4","3,740","8.227"
"spot","4","19,103","9.858"
"spry","4","754","6.625"
"spud","4","547","6.304"
"spun","4","1,573","7.361"
"spur","4","1,019","6.927"
"stab","4","1,640","7.402"
"stag","4","290","5.670"
"Stan","4","6,184","8.730"
"star","4","81,633","11.310"
"stat","4","3,887","8.265"
"stay","4","49,009","10.800"
"stem","4","3,579","8.183"
"step","4","43,956","10.691"
"stew","4","1,556","7.350"
"stir","4","4,523","8.417"
"stop","4","96,586","11.478"
"stow","4","180","5.193"
"stub","4","787","6.668"
"stud","4","3,139","8.052"
"stun","4","1,780","7.484"
"Styx","4","398","5.986"
"subs","4","2,682","7.894"
"such","4","371,015","12.824"
"suck","4","13,814","9.533"
"suds","4","164","5.100"
"sued","4","3,139","8.052"
"sues","4","322","5.775"
"suit","4","18,276","9.813"
"sulk","4","154","5.037"
"sums","4","2,394","7.781"
"sung","4","3,763","8.233"
"sunk","4","1,552","7.347"
"suns","4","2,513","7.829"
"sure","4","260,476","12.470"
"surf","4","5,923","8.687"
"swab","4","289","5.666"
"swag","4","252","5.529"
"swam","4","694","6.542"
"swan","4","1,631","7.397"
"swap","4","13,962","9.544"
"swat","4","965","6.872"
"sway","4","1,467","7.291"
"swig","4","161","5.081"
"swim","4","5,116","8.540"
"swum","4","46","3.829"
"sync","4","5,776","8.661"
"tabs","4","3,002","8.007"
"tack","4","1,603","7.380"
"tact","4","754","6.625"
"Taft","4","402","5.996"
"tags","4","3,768","8.234"
"tail","4","11,267","9.330"
"take","4","330,816","12.709"
"talc","4","131","4.875"
"tale","4","6,202","8.733"
"talk","4","91,547","11.425"
"tall","4","11,346","9.337"
"tame","4","1,305","7.174"
"tamp","4","30","3.401"
"tang","4","2,556","7.846"
"tank","4","17,481","9.769"
"tape","4","61,126","11.021"
"taps","4","1,260","7.139"
"Tara","4","1,478","7.298"
"tare","4","62","4.127"
"tart","4","575","6.354"
"task","4","21,503","9.976"
"taut","4","543","6.297"
"taxi","4","2,745","7.918"
"teal","4","377","5.932"
"team","4","108,529","11.595"
"tear","4","6,617","8.797"
"teas","4","675","6.515"
"teat","4","223","5.407"
"tech","4","45,962","10.736"
"teem","4","71","4.263"
"teen","4","4,196","8.342"
"tell","4","201,112","12.212"
"temp","4","7,607","8.937"
"tend","4","31,395","10.354"
"tens","4","4,550","8.423"
"tent","4","3,187","8.067"
"term","4","58,014","10.968"
"Tess","4","407","6.009"
"test","4","124,267","11.730"
"text","4","124,115","11.729"
"Thai","4","6,998","8.853"
"than","4","702,491","13.462"
"that","4","5,262,331","15.476"
"thaw","4","555","6.319"
"thee","4","4,731","8.462"
"them","4","801,560","13.594"
"then","4","705,900","13.467"
"they","4","1,617,818","14.297"
"thin","4","14,257","9.565"
"this","4","3,251,989","14.995"
"Thor","4","3,332","8.111"
"thou","4","6,581","8.792"
"thru","4","16,480","9.710"
"thud","4","465","6.142"
"thug","4","831","6.723"
"thus","4","68,926","11.141"
"tick","4","4,619","8.438"
"tide","4","3,977","8.288"
"tidy","4","815","6.703"
"tied","4","11,216","9.325"
"tier","4","1,352","7.209"
"ties","4","7,041","8.860"
"tiff","4","2,981","8.000"
"tile","4","1,327","7.191"
"till","4","17,332","9.760"
"tilt","4","2,136","7.667"
"time","4","788,823","13.578"
"tint","4","515","6.244"
"tiny","4","15,764","9.665"
"tips","4","17,439","9.766"
"tire","4","6,155","8.725"
"tits","4","5,535","8.619"
"toad","4","1,692","7.434"
"Todd","4","14,694","9.595"
"toes","4","4,548","8.422"
"tofu","4","911","6.815"
"toga","4","1,064","6.970"
"togs","4","30","3.401"
"toil","4","369","5.911"
"told","4","104,947","11.561"
"toll","4","7,570","8.932"
"tomb","4","6,175","8.728"
"tome","4","5,933","8.688"
"tone","4","14,823","9.604"
"tong","4","1,238","7.121"
"tons","4","10,820","9.289"
"Tony","4","27,385","10.218"
"took","4","87,271","11.377"
"tool","4","33,286","10.413"
"toot","4","256","5.545"
"tops","4","3,927","8.276"
"tore","4","1,614","7.386"
"torn","4","4,160","8.333"
"tort","4","999","6.907"
"Tory","4","870","6.768"
"toss","4","4,463","8.404"
"tote","4","968","6.875"
"Toto","4","835","6.727"
"tour","4","23,493","10.064"
"tout","4","2,704","7.902"
"town","4","37,149","10.523"
"toys","4","15,328","9.637"
"tram","4","618","6.426"
"trap","4","9,424","9.151"
"tray","4","3,382","8.126"
"tree","4","27,218","10.212"
"trek","4","30,117","10.313"
"trig","4","325","5.784"
"trim","4","4,155","8.332"
"trio","4","2,865","7.960"
"trip","4","28,399","10.254"
"trot","4","864","6.762"
"Troy","4","5,813","8.668"
"TRUE","4","0","0.000"
"tsar","4","551","6.312"
"tuba","4","415","6.028"
"tube","4","14,619","9.590"
"tubs","4","333","5.808"
"tuck","4","1,004","6.912"
"tuft","4","104","4.644"
"tuna","4","1,585","7.368"
"tune","4","12,260","9.414"
"turd","4","573","6.351"
"turf","4","1,128","7.028"
"Turk","4","2,342","7.759"
"turn","4","89,685","11.404"
"tush","4","147","4.990"
"tusk","4","218","5.384"
"tutu","4","142","4.956"
"twig","4","240","5.481"
"twin","4","7,940","8.980"
"twit","4","1,498","7.312"
"twos","4","184","5.215"
"tyke","4","111","4.710"
"type","4","157,464","11.967"
"ugly","4","11,466","9.347"
"ulna","4","16","2.773"
"undo","4","2,398","7.782"
"unit","4","42,634","10.660"
"unto","4","7,231","8.886"
"upon","4","78,218","11.267"
"urea","4","239","5.476"
"urge","4","8,558","9.055"
"urns","4","54","3.989"
"used","4","365,662","12.809"
"user","4","118,645","11.684"
"uses","4","65,199","11.085"
"Utah","4","8,940","9.098"
"Vail","4","874","6.773"
"vain","4","2,677","7.892"
"vale","4","3,937","8.278"
"vamp","4","693","6.541"
"vane","4","151","5.017"
"vary","4","11,991","9.392"
"vase","4","540","6.292"
"vast","4","13,766","9.530"
"veal","4","903","6.806"
"veer","4","189","5.242"
"veil","4","1,868","7.533"
"vein","4","2,169","7.682"
"vend","4","118","4.771"
"vent","4","2,058","7.629"
"Vera","4","1,767","7.477"
"verb","4","2,101","7.650"
"very","4","587,578","13.284"
"vest","4","1,238","7.121"
"veto","4","3,044","8.021"
"vial","4","627","6.441"
"vice","4","15,887","9.673"
"vied","4","41","3.714"
"vies","4","61","4.111"
"view","4","75,014","11.225"
"vile","4","2,724","7.910"
"vine","4","1,241","7.124"
"visa","4","19,037","9.854"
"vise","4","4,635","8.441"
"viva","4","1,351","7.209"
"void","4","22,817","10.035"
"volt","4","4,629","8.440"
"vote","4","58,103","10.970"
"vows","4","913","6.817"
"wack","4","496","6.207"
"Waco","4","2,785","7.932"
"wade","4","5,232","8.563"
"wads","4","1,174","7.068"
"waft","4","83","4.419"
"wage","4","10,055","9.216"
"waif","4","263","5.572"
"wail","4","436","6.078"
"wait","4","61,759","11.031"
"wake","4","12,064","9.398"
"walk","4","33,093","10.407"
"wall","4","91,869","11.428"
"Walt","4","4,628","8.440"
"wand","4","5,420","8.598"
"wane","4","173","5.153"
"want","4","508,123","13.138"
"ward","4","24,382","10.102"
"ware","4","1,931","7.566"
"warm","4","21,018","9.953"
"warn","4","4,211","8.345"
"warp","4","50,145","10.823"
"wars","4","24,595","10.110"
"wart","4","224","5.412"
"wary","4","1,884","7.541"
"wash","4","8,590","9.058"
"wasp","4","786","6.667"
"watt","4","3,446","8.145"
"wave","4","19,212","9.863"
"wavy","4","661","6.494"
"waxy","4","135","4.905"
"ways","4","54,302","10.902"
"weak","4","17,123","9.748"
"wean","4","748","6.617"
"wear","4","31,161","10.347"
"we'd","4","12,689","9.448"
"weed","4","3,010","8.010"
"week","4","109,477","11.603"
"weep","4","826","6.717"
"weir","4","472","6.157"
"weld","4","1,230","7.115"
"well","4","552,532","13.222"
"welt","4","639","6.460"
"went","4","115,581","11.658"
"wept","4","406","6.006"
"were","4","663,883","13.406"
"west","4","62,838","11.048"
"wham","4","720","6.579"
"what","4","1,325,779","14.098"
"when","4","944,467","13.758"
"whet","4","128","4.852"
"whey","4","263","5.572"
"whig","4","86","4.454"
"whim","4","1,623","7.392"
"whip","4","4,961","8.509"
"whir","4","59","4.078"
"whiz","4","865","6.763"
"whoa","4","2,476","7.814"
"whom","4","28,333","10.252"
"wick","4","559","6.326"
"wide","4","63,297","11.056"
"wife","4","38,746","10.565"
"wild","4","23,869","10.080"
"wile","4","284","5.649"
"will","4","1,706,009","14.350"
"wilt","4","1,023","6.930"
"wily","4","224","5.412"
"wind","4","23,685","10.073"
"wine","4","13,077","9.479"
"wing","4","15,248","9.632"
"wink","4","1,494","7.309"
"wins","4","11,609","9.360"
"wipe","4","4,281","8.362"
"wire","4","16,615","9.718"
"wiry","4","150","5.011"
"wise","4","13,444","9.506"
"wish","4","74,280","11.216"
"wisp","4","1,084","6.988"
"with","4","3,184,846","14.974"
"wits","4","1,046","6.953"
"woke","4","3,223","8.078"
"wolf","4","21,576","9.979"
"womb","4","2,491","7.820"
"wont","4","5,408","8.596"
"wood","4","24,035","10.087"
"woof","4","954","6.861"
"wool","4","2,066","7.633"
"word","4","138,155","11.836"
"wore","4","5,574","8.626"
"work","4","451,298","13.020"
"worm","4","4,110","8.321"
"worn","4","8,275","9.021"
"wort","4","1,623","7.392"
"wove","4","116","4.754"
"wrap","4","5,973","8.695"
"wren","4","692","6.540"
"writ","4","1,279","7.154"
"yaks","4","122","4.804"
"Yale","4","4,146","8.330"
"yank","4","1,559","7.352"
"yard","4","7,418","8.912"
"yarn","4","3,131","8.049"
"yawl","4","30","3.401"
"yawn","4","1,333","7.195"
"yaws","4","16","2.773"
"yeah","4","50,018","10.820"
"year","4","246,566","12.415"
"yell","4","3,322","8.108"
"yelp","4","212","5.357"
"yeti","4","2,772","7.927"
"yoga","4","1,985","7.593"
"yoke","4","996","6.904"
"yolk","4","324","5.781"
"yore","4","383","5.948"
"York","4","79,856","11.288"
"your","4","1,711,893","14.353"
"yowl","4","76","4.331"
"zany","4","288","5.663"
"zeal","4","700","6.551"
"zero","4","21,278","9.965"
"zest","4","288","5.663"
"zinc","4","1,773","7.480"
"zing","4","220","5.394"
"Zion","4","931","6.836"
"zone","4","17,300","9.758"
"zoom","4","4,920","8.501"
